name,file,W,H,D,n_items
thpack1_p001_seed2502505,data\instances_orlib\thpack1_p001_seed2502505.json,587.0,220.0,233.0,112
thpack1_p002_seed2502605,data\instances_orlib\thpack1_p002_seed2502605.json,587.0,220.0,233.0,138
thpack1_p003_seed2502705,data\instances_orlib\thpack1_p003_seed2502705.json,587.0,220.0,233.0,127
thpack1_p004_seed2502805,data\instances_orlib\thpack1_p004_seed2502805.json,587.0,220.0,233.0,197
thpack1_p005_seed2502905,data\instances_orlib\thpack1_p005_seed2502905.json,587.0,220.0,233.0,136
thpack1_p006_seed2503005,data\instances_orlib\thpack1_p006_seed2503005.json,587.0,220.0,233.0,147
thpack1_p007_seed2503105,data\instances_orlib\thpack1_p007_seed2503105.json,587.0,220.0,233.0,126
thpack1_p008_seed2503205,data\instances_orlib\thpack1_p008_seed2503205.json,587.0,220.0,233.0,180
thpack1_p009_seed2503305,data\instances_orlib\thpack1_p009_seed2503305.json,587.0,220.0,233.0,101
thpack1_p010_seed2503405,data\instances_orlib\thpack1_p010_seed2503405.json,587.0,220.0,233.0,130
thpack1_p011_seed2503505,data\instances_orlib\thpack1_p011_seed2503505.json,587.0,220.0,233.0,102
thpack1_p012_seed2503605,data\instances_orlib\thpack1_p012_seed2503605.json,587.0,220.0,233.0,104
thpack1_p013_seed2503705,data\instances_orlib\thpack1_p013_seed2503705.json,587.0,220.0,233.0,284
thpack1_p014_seed2503805,data\instances_orlib\thpack1_p014_seed2503805.json,587.0,220.0,233.0,132
thpack1_p015_seed2503905,data\instances_orlib\thpack1_p015_seed2503905.json,587.0,220.0,233.0,119
thpack1_p016_seed2504005,data\instances_orlib\thpack1_p016_seed2504005.json,587.0,220.0,233.0,159
thpack1_p017_seed2504105,data\instances_orlib\thpack1_p017_seed2504105.json,587.0,220.0,233.0,213
thpack1_p018_seed2504205,data\instances_orlib\thpack1_p018_seed2504205.json,587.0,220.0,233.0,82
thpack1_p019_seed2504305,data\instances_orlib\thpack1_p019_seed2504305.json,587.0,220.0,233.0,130
thpack1_p020_seed2504405,data\instances_orlib\thpack1_p020_seed2504405.json,587.0,220.0,233.0,88
thpack1_p021_seed2504505,data\instances_orlib\thpack1_p021_seed2504505.json,587.0,220.0,233.0,79
thpack1_p022_seed2504605,data\instances_orlib\thpack1_p022_seed2504605.json,587.0,220.0,233.0,116
thpack1_p023_seed2504705,data\instances_orlib\thpack1_p023_seed2504705.json,587.0,220.0,233.0,128
thpack1_p024_seed2504805,data\instances_orlib\thpack1_p024_seed2504805.json,587.0,220.0,233.0,114
thpack1_p025_seed2504905,data\instances_orlib\thpack1_p025_seed2504905.json,587.0,220.0,233.0,139
thpack1_p026_seed2505005,data\instances_orlib\thpack1_p026_seed2505005.json,587.0,220.0,233.0,124
thpack1_p027_seed2505105,data\instances_orlib\thpack1_p027_seed2505105.json,587.0,220.0,233.0,103
thpack1_p028_seed2505205,data\instances_orlib\thpack1_p028_seed2505205.json,587.0,220.0,233.0,111
thpack1_p029_seed2505305,data\instances_orlib\thpack1_p029_seed2505305.json,587.0,220.0,233.0,109
thpack1_p030_seed2505405,data\instances_orlib\thpack1_p030_seed2505405.json,587.0,220.0,233.0,405
thpack1_p031_seed2505505,data\instances_orlib\thpack1_p031_seed2505505.json,587.0,220.0,233.0,129
thpack1_p032_seed2505605,data\instances_orlib\thpack1_p032_seed2505605.json,587.0,220.0,233.0,155
thpack1_p033_seed2505705,data\instances_orlib\thpack1_p033_seed2505705.json,587.0,220.0,233.0,282
thpack1_p034_seed2505805,data\instances_orlib\thpack1_p034_seed2505805.json,587.0,220.0,233.0,160
thpack1_p035_seed2505905,data\instances_orlib\thpack1_p035_seed2505905.json,587.0,220.0,233.0,150
thpack1_p036_seed2506005,data\instances_orlib\thpack1_p036_seed2506005.json,587.0,220.0,233.0,172
thpack1_p037_seed2506105,data\instances_orlib\thpack1_p037_seed2506105.json,587.0,220.0,233.0,99
thpack1_p038_seed2506205,data\instances_orlib\thpack1_p038_seed2506205.json,587.0,220.0,233.0,93
thpack1_p039_seed2506305,data\instances_orlib\thpack1_p039_seed2506305.json,587.0,220.0,233.0,243
thpack1_p040_seed2506405,data\instances_orlib\thpack1_p040_seed2506405.json,587.0,220.0,233.0,107
thpack1_p041_seed2506505,data\instances_orlib\thpack1_p041_seed2506505.json,587.0,220.0,233.0,109
thpack1_p042_seed2506605,data\instances_orlib\thpack1_p042_seed2506605.json,587.0,220.0,233.0,168
thpack1_p043_seed2506705,data\instances_orlib\thpack1_p043_seed2506705.json,587.0,220.0,233.0,141
thpack1_p044_seed2506805,data\instances_orlib\thpack1_p044_seed2506805.json,587.0,220.0,233.0,142
thpack1_p045_seed2506905,data\instances_orlib\thpack1_p045_seed2506905.json,587.0,220.0,233.0,140
thpack1_p046_seed2507005,data\instances_orlib\thpack1_p046_seed2507005.json,587.0,220.0,233.0,116
thpack1_p047_seed2507105,data\instances_orlib\thpack1_p047_seed2507105.json,587.0,220.0,233.0,137
thpack1_p048_seed2507205,data\instances_orlib\thpack1_p048_seed2507205.json,587.0,220.0,233.0,153
thpack1_p049_seed2507305,data\instances_orlib\thpack1_p049_seed2507305.json,587.0,220.0,233.0,86
thpack1_p050_seed2507405,data\instances_orlib\thpack1_p050_seed2507405.json,587.0,220.0,233.0,168
thpack1_p051_seed2507505,data\instances_orlib\thpack1_p051_seed2507505.json,587.0,220.0,233.0,129
thpack1_p052_seed2507605,data\instances_orlib\thpack1_p052_seed2507605.json,587.0,220.0,233.0,187
thpack1_p053_seed2507705,data\instances_orlib\thpack1_p053_seed2507705.json,587.0,220.0,233.0,170
thpack1_p054_seed2507805,data\instances_orlib\thpack1_p054_seed2507805.json,587.0,220.0,233.0,142
thpack1_p055_seed2507905,data\instances_orlib\thpack1_p055_seed2507905.json,587.0,220.0,233.0,114
thpack1_p056_seed2508005,data\instances_orlib\thpack1_p056_seed2508005.json,587.0,220.0,233.0,408
thpack1_p057_seed2508105,data\instances_orlib\thpack1_p057_seed2508105.json,587.0,220.0,233.0,124
thpack1_p058_seed2508205,data\instances_orlib\thpack1_p058_seed2508205.json,587.0,220.0,233.0,92
thpack1_p059_seed2508305,data\instances_orlib\thpack1_p059_seed2508305.json,587.0,220.0,233.0,195
thpack1_p060_seed2508405,data\instances_orlib\thpack1_p060_seed2508405.json,587.0,220.0,233.0,105
thpack1_p061_seed2508505,data\instances_orlib\thpack1_p061_seed2508505.json,587.0,220.0,233.0,101
thpack1_p062_seed2508605,data\instances_orlib\thpack1_p062_seed2508605.json,587.0,220.0,233.0,120
thpack1_p063_seed2508705,data\instances_orlib\thpack1_p063_seed2508705.json,587.0,220.0,233.0,94
thpack1_p064_seed2508805,data\instances_orlib\thpack1_p064_seed2508805.json,587.0,220.0,233.0,139
thpack1_p065_seed2508905,data\instances_orlib\thpack1_p065_seed2508905.json,587.0,220.0,233.0,476
thpack1_p066_seed2509005,data\instances_orlib\thpack1_p066_seed2509005.json,587.0,220.0,233.0,145
thpack1_p067_seed2509105,data\instances_orlib\thpack1_p067_seed2509105.json,587.0,220.0,233.0,221
thpack1_p068_seed2509205,data\instances_orlib\thpack1_p068_seed2509205.json,587.0,220.0,233.0,238
thpack1_p069_seed2509305,data\instances_orlib\thpack1_p069_seed2509305.json,587.0,220.0,233.0,144
thpack1_p070_seed2509405,data\instances_orlib\thpack1_p070_seed2509405.json,587.0,220.0,233.0,163
thpack1_p071_seed2509505,data\instances_orlib\thpack1_p071_seed2509505.json,587.0,220.0,233.0,96
thpack1_p072_seed2509605,data\instances_orlib\thpack1_p072_seed2509605.json,587.0,220.0,233.0,74
thpack1_p073_seed2509705,data\instances_orlib\thpack1_p073_seed2509705.json,587.0,220.0,233.0,127
thpack1_p074_seed2509805,data\instances_orlib\thpack1_p074_seed2509805.json,587.0,220.0,233.0,132
thpack1_p075_seed2509905,data\instances_orlib\thpack1_p075_seed2509905.json,587.0,220.0,233.0,137
thpack1_p076_seed2510005,data\instances_orlib\thpack1_p076_seed2510005.json,587.0,220.0,233.0,269
thpack1_p077_seed2510105,data\instances_orlib\thpack1_p077_seed2510105.json,587.0,220.0,233.0,194
thpack1_p078_seed2510205,data\instances_orlib\thpack1_p078_seed2510205.json,587.0,220.0,233.0,169
thpack1_p079_seed2510305,data\instances_orlib\thpack1_p079_seed2510305.json,587.0,220.0,233.0,200
thpack1_p080_seed2510405,data\instances_orlib\thpack1_p080_seed2510405.json,587.0,220.0,233.0,133
thpack1_p081_seed2510505,data\instances_orlib\thpack1_p081_seed2510505.json,587.0,220.0,233.0,73
thpack1_p082_seed2510605,data\instances_orlib\thpack1_p082_seed2510605.json,587.0,220.0,233.0,164
thpack1_p083_seed2510705,data\instances_orlib\thpack1_p083_seed2510705.json,587.0,220.0,233.0,120
thpack1_p084_seed2510805,data\instances_orlib\thpack1_p084_seed2510805.json,587.0,220.0,233.0,69
thpack1_p085_seed2510905,data\instances_orlib\thpack1_p085_seed2510905.json,587.0,220.0,233.0,319
thpack1_p086_seed2511005,data\instances_orlib\thpack1_p086_seed2511005.json,587.0,220.0,233.0,156
thpack1_p087_seed2511105,data\instances_orlib\thpack1_p087_seed2511105.json,587.0,220.0,233.0,98
thpack1_p088_seed2511205,data\instances_orlib\thpack1_p088_seed2511205.json,587.0,220.0,233.0,126
thpack1_p089_seed2511305,data\instances_orlib\thpack1_p089_seed2511305.json,587.0,220.0,233.0,96
thpack1_p090_seed2511405,data\instances_orlib\thpack1_p090_seed2511405.json,587.0,220.0,233.0,90
thpack1_p091_seed2511505,data\instances_orlib\thpack1_p091_seed2511505.json,587.0,220.0,233.0,238
thpack1_p092_seed2511605,data\instances_orlib\thpack1_p092_seed2511605.json,587.0,220.0,233.0,88
thpack1_p093_seed2511705,data\instances_orlib\thpack1_p093_seed2511705.json,587.0,220.0,233.0,100
thpack1_p094_seed2511805,data\instances_orlib\thpack1_p094_seed2511805.json,587.0,220.0,233.0,133
thpack1_p095_seed2511905,data\instances_orlib\thpack1_p095_seed2511905.json,587.0,220.0,233.0,139
thpack1_p096_seed2512005,data\instances_orlib\thpack1_p096_seed2512005.json,587.0,220.0,233.0,182
thpack1_p097_seed2512105,data\instances_orlib\thpack1_p097_seed2512105.json,587.0,220.0,233.0,140
thpack1_p098_seed2512205,data\instances_orlib\thpack1_p098_seed2512205.json,587.0,220.0,233.0,122
thpack1_p099_seed2512305,data\instances_orlib\thpack1_p099_seed2512305.json,587.0,220.0,233.0,154
thpack1_p100_seed2512405,data\instances_orlib\thpack1_p100_seed2512405.json,587.0,220.0,233.0,214
thpack2_p001_seed2502505,data\instances_orlib\thpack2_p001_seed2502505.json,587.0,220.0,233.0,81
thpack2_p002_seed2502605,data\instances_orlib\thpack2_p002_seed2502605.json,587.0,220.0,233.0,114
thpack2_p003_seed2502705,data\instances_orlib\thpack2_p003_seed2502705.json,587.0,220.0,233.0,166
thpack2_p004_seed2502805,data\instances_orlib\thpack2_p004_seed2502805.json,587.0,220.0,233.0,201
thpack2_p005_seed2502905,data\instances_orlib\thpack2_p005_seed2502905.json,587.0,220.0,233.0,117
thpack2_p006_seed2503005,data\instances_orlib\thpack2_p006_seed2503005.json,587.0,220.0,233.0,142
thpack2_p007_seed2503105,data\instances_orlib\thpack2_p007_seed2503105.json,587.0,220.0,233.0,166
thpack2_p008_seed2503205,data\instances_orlib\thpack2_p008_seed2503205.json,587.0,220.0,233.0,122
thpack2_p009_seed2503305,data\instances_orlib\thpack2_p009_seed2503305.json,587.0,220.0,233.0,118
thpack2_p010_seed2503405,data\instances_orlib\thpack2_p010_seed2503405.json,587.0,220.0,233.0,174
thpack2_p011_seed2503505,data\instances_orlib\thpack2_p011_seed2503505.json,587.0,220.0,233.0,94
thpack2_p012_seed2503605,data\instances_orlib\thpack2_p012_seed2503605.json,587.0,220.0,233.0,86
thpack2_p013_seed2503705,data\instances_orlib\thpack2_p013_seed2503705.json,587.0,220.0,233.0,228
thpack2_p014_seed2503805,data\instances_orlib\thpack2_p014_seed2503805.json,587.0,220.0,233.0,95
thpack2_p015_seed2503905,data\instances_orlib\thpack2_p015_seed2503905.json,587.0,220.0,233.0,127
thpack2_p016_seed2504005,data\instances_orlib\thpack2_p016_seed2504005.json,587.0,220.0,233.0,163
thpack2_p017_seed2504105,data\instances_orlib\thpack2_p017_seed2504105.json,587.0,220.0,233.0,112
thpack2_p018_seed2504205,data\instances_orlib\thpack2_p018_seed2504205.json,587.0,220.0,233.0,98
thpack2_p019_seed2504305,data\instances_orlib\thpack2_p019_seed2504305.json,587.0,220.0,233.0,143
thpack2_p020_seed2504405,data\instances_orlib\thpack2_p020_seed2504405.json,587.0,220.0,233.0,120
thpack2_p021_seed2504505,data\instances_orlib\thpack2_p021_seed2504505.json,587.0,220.0,233.0,84
thpack2_p022_seed2504605,data\instances_orlib\thpack2_p022_seed2504605.json,587.0,220.0,233.0,100
thpack2_p023_seed2504705,data\instances_orlib\thpack2_p023_seed2504705.json,587.0,220.0,233.0,120
thpack2_p024_seed2504805,data\instances_orlib\thpack2_p024_seed2504805.json,587.0,220.0,233.0,93
thpack2_p025_seed2504905,data\instances_orlib\thpack2_p025_seed2504905.json,587.0,220.0,233.0,152
thpack2_p026_seed2505005,data\instances_orlib\thpack2_p026_seed2505005.json,587.0,220.0,233.0,169
thpack2_p027_seed2505105,data\instances_orlib\thpack2_p027_seed2505105.json,587.0,220.0,233.0,114
thpack2_p028_seed2505205,data\instances_orlib\thpack2_p028_seed2505205.json,587.0,220.0,233.0,122
thpack2_p029_seed2505305,data\instances_orlib\thpack2_p029_seed2505305.json,587.0,220.0,233.0,156
thpack2_p030_seed2505405,data\instances_orlib\thpack2_p030_seed2505405.json,587.0,220.0,233.0,196
thpack2_p031_seed2505505,data\instances_orlib\thpack2_p031_seed2505505.json,587.0,220.0,233.0,142
thpack2_p032_seed2505605,data\instances_orlib\thpack2_p032_seed2505605.json,587.0,220.0,233.0,142
thpack2_p033_seed2505705,data\instances_orlib\thpack2_p033_seed2505705.json,587.0,220.0,233.0,116
thpack2_p034_seed2505805,data\instances_orlib\thpack2_p034_seed2505805.json,587.0,220.0,233.0,156
thpack2_p035_seed2505905,data\instances_orlib\thpack2_p035_seed2505905.json,587.0,220.0,233.0,147
thpack2_p036_seed2506005,data\instances_orlib\thpack2_p036_seed2506005.json,587.0,220.0,233.0,104
thpack2_p037_seed2506105,data\instances_orlib\thpack2_p037_seed2506105.json,587.0,220.0,233.0,105
thpack2_p038_seed2506205,data\instances_orlib\thpack2_p038_seed2506205.json,587.0,220.0,233.0,116
thpack2_p039_seed2506305,data\instances_orlib\thpack2_p039_seed2506305.json,587.0,220.0,233.0,266
thpack2_p040_seed2506405,data\instances_orlib\thpack2_p040_seed2506405.json,587.0,220.0,233.0,96
thpack2_p041_seed2506505,data\instances_orlib\thpack2_p041_seed2506505.json,587.0,220.0,233.0,98
thpack2_p042_seed2506605,data\instances_orlib\thpack2_p042_seed2506605.json,587.0,220.0,233.0,158
thpack2_p043_seed2506705,data\instances_orlib\thpack2_p043_seed2506705.json,587.0,220.0,233.0,102
thpack2_p044_seed2506805,data\instances_orlib\thpack2_p044_seed2506805.json,587.0,220.0,233.0,129
thpack2_p045_seed2506905,data\instances_orlib\thpack2_p045_seed2506905.json,587.0,220.0,233.0,161
thpack2_p046_seed2507005,data\instances_orlib\thpack2_p046_seed2507005.json,587.0,220.0,233.0,101
thpack2_p047_seed2507105,data\instances_orlib\thpack2_p047_seed2507105.json,587.0,220.0,233.0,160
thpack2_p048_seed2507205,data\instances_orlib\thpack2_p048_seed2507205.json,587.0,220.0,233.0,139
thpack2_p049_seed2507305,data\instances_orlib\thpack2_p049_seed2507305.json,587.0,220.0,233.0,94
thpack2_p050_seed2507405,data\instances_orlib\thpack2_p050_seed2507405.json,587.0,220.0,233.0,155
thpack2_p051_seed2507505,data\instances_orlib\thpack2_p051_seed2507505.json,587.0,220.0,233.0,152
thpack2_p052_seed2507605,data\instances_orlib\thpack2_p052_seed2507605.json,587.0,220.0,233.0,101
thpack2_p053_seed2507705,data\instances_orlib\thpack2_p053_seed2507705.json,587.0,220.0,233.0,141
thpack2_p054_seed2507805,data\instances_orlib\thpack2_p054_seed2507805.json,587.0,220.0,233.0,141
thpack2_p055_seed2507905,data\instances_orlib\thpack2_p055_seed2507905.json,587.0,220.0,233.0,117
thpack2_p056_seed2508005,data\instances_orlib\thpack2_p056_seed2508005.json,587.0,220.0,233.0,181
thpack2_p057_seed2508105,data\instances_orlib\thpack2_p057_seed2508105.json,587.0,220.0,233.0,159
thpack2_p058_seed2508205,data\instances_orlib\thpack2_p058_seed2508205.json,587.0,220.0,233.0,114
thpack2_p059_seed2508305,data\instances_orlib\thpack2_p059_seed2508305.json,587.0,220.0,233.0,201
thpack2_p060_seed2508405,data\instances_orlib\thpack2_p060_seed2508405.json,587.0,220.0,233.0,113
thpack2_p061_seed2508505,data\instances_orlib\thpack2_p061_seed2508505.json,587.0,220.0,233.0,83
thpack2_p062_seed2508605,data\instances_orlib\thpack2_p062_seed2508605.json,587.0,220.0,233.0,109
thpack2_p063_seed2508705,data\instances_orlib\thpack2_p063_seed2508705.json,587.0,220.0,233.0,120
thpack2_p064_seed2508805,data\instances_orlib\thpack2_p064_seed2508805.json,587.0,220.0,233.0,122
thpack2_p065_seed2508905,data\instances_orlib\thpack2_p065_seed2508905.json,587.0,220.0,233.0,187
thpack2_p066_seed2509005,data\instances_orlib\thpack2_p066_seed2509005.json,587.0,220.0,233.0,133
thpack2_p067_seed2509105,data\instances_orlib\thpack2_p067_seed2509105.json,587.0,220.0,233.0,184
thpack2_p068_seed2509205,data\instances_orlib\thpack2_p068_seed2509205.json,587.0,220.0,233.0,130
thpack2_p069_seed2509305,data\instances_orlib\thpack2_p069_seed2509305.json,587.0,220.0,233.0,146
thpack2_p070_seed2509405,data\instances_orlib\thpack2_p070_seed2509405.json,587.0,220.0,233.0,123
thpack2_p071_seed2509505,data\instances_orlib\thpack2_p071_seed2509505.json,587.0,220.0,233.0,122
thpack2_p072_seed2509605,data\instances_orlib\thpack2_p072_seed2509605.json,587.0,220.0,233.0,88
thpack2_p073_seed2509705,data\instances_orlib\thpack2_p073_seed2509705.json,587.0,220.0,233.0,132
thpack2_p074_seed2509805,data\instances_orlib\thpack2_p074_seed2509805.json,587.0,220.0,233.0,124
thpack2_p075_seed2509905,data\instances_orlib\thpack2_p075_seed2509905.json,587.0,220.0,233.0,163
thpack2_p076_seed2510005,data\instances_orlib\thpack2_p076_seed2510005.json,587.0,220.0,233.0,188
thpack2_p077_seed2510105,data\instances_orlib\thpack2_p077_seed2510105.json,587.0,220.0,233.0,202
thpack2_p078_seed2510205,data\instances_orlib\thpack2_p078_seed2510205.json,587.0,220.0,233.0,191
thpack2_p079_seed2510305,data\instances_orlib\thpack2_p079_seed2510305.json,587.0,220.0,233.0,206
thpack2_p080_seed2510405,data\instances_orlib\thpack2_p080_seed2510405.json,587.0,220.0,233.0,116
thpack2_p081_seed2510505,data\instances_orlib\thpack2_p081_seed2510505.json,587.0,220.0,233.0,86
thpack2_p082_seed2510605,data\instances_orlib\thpack2_p082_seed2510605.json,587.0,220.0,233.0,149
thpack2_p083_seed2510705,data\instances_orlib\thpack2_p083_seed2510705.json,587.0,220.0,233.0,136
thpack2_p084_seed2510805,data\instances_orlib\thpack2_p084_seed2510805.json,587.0,220.0,233.0,85
thpack2_p085_seed2510905,data\instances_orlib\thpack2_p085_seed2510905.json,587.0,220.0,233.0,209
thpack2_p086_seed2511005,data\instances_orlib\thpack2_p086_seed2511005.json,587.0,220.0,233.0,160
thpack2_p087_seed2511105,data\instances_orlib\thpack2_p087_seed2511105.json,587.0,220.0,233.0,102
thpack2_p088_seed2511205,data\instances_orlib\thpack2_p088_seed2511205.json,587.0,220.0,233.0,140
thpack2_p089_seed2511305,data\instances_orlib\thpack2_p089_seed2511305.json,587.0,220.0,233.0,100
thpack2_p090_seed2511405,data\instances_orlib\thpack2_p090_seed2511405.json,587.0,220.0,233.0,82
thpack2_p091_seed2511505,data\instances_orlib\thpack2_p091_seed2511505.json,587.0,220.0,233.0,166
thpack2_p092_seed2511605,data\instances_orlib\thpack2_p092_seed2511605.json,587.0,220.0,233.0,81
thpack2_p093_seed2511705,data\instances_orlib\thpack2_p093_seed2511705.json,587.0,220.0,233.0,85
thpack2_p094_seed2511805,data\instances_orlib\thpack2_p094_seed2511805.json,587.0,220.0,233.0,168
thpack2_p095_seed2511905,data\instances_orlib\thpack2_p095_seed2511905.json,587.0,220.0,233.0,149
thpack2_p096_seed2512005,data\instances_orlib\thpack2_p096_seed2512005.json,587.0,220.0,233.0,202
thpack2_p097_seed2512105,data\instances_orlib\thpack2_p097_seed2512105.json,587.0,220.0,233.0,165
thpack2_p098_seed2512205,data\instances_orlib\thpack2_p098_seed2512205.json,587.0,220.0,233.0,138
thpack2_p099_seed2512305,data\instances_orlib\thpack2_p099_seed2512305.json,587.0,220.0,233.0,174
thpack2_p100_seed2512405,data\instances_orlib\thpack2_p100_seed2512405.json,587.0,220.0,233.0,139
thpack3_p001_seed2502505,data\instances_orlib\thpack3_p001_seed2502505.json,587.0,220.0,233.0,94
thpack3_p002_seed2502605,data\instances_orlib\thpack3_p002_seed2502605.json,587.0,220.0,233.0,115
thpack3_p003_seed2502705,data\instances_orlib\thpack3_p003_seed2502705.json,587.0,220.0,233.0,143
thpack3_p004_seed2502805,data\instances_orlib\thpack3_p004_seed2502805.json,587.0,220.0,233.0,185
thpack3_p005_seed2502905,data\instances_orlib\thpack3_p005_seed2502905.json,587.0,220.0,233.0,113
thpack3_p006_seed2503005,data\instances_orlib\thpack3_p006_seed2503005.json,587.0,220.0,233.0,143
thpack3_p007_seed2503105,data\instances_orlib\thpack3_p007_seed2503105.json,587.0,220.0,233.0,144
thpack3_p008_seed2503205,data\instances_orlib\thpack3_p008_seed2503205.json,587.0,220.0,233.0,104
thpack3_p009_seed2503305,data\instances_orlib\thpack3_p009_seed2503305.json,587.0,220.0,233.0,133
thpack3_p010_seed2503405,data\instances_orlib\thpack3_p010_seed2503405.json,587.0,220.0,233.0,180
thpack3_p011_seed2503505,data\instances_orlib\thpack3_p011_seed2503505.json,587.0,220.0,233.0,119
thpack3_p012_seed2503605,data\instances_orlib\thpack3_p012_seed2503605.json,587.0,220.0,233.0,103
thpack3_p013_seed2503705,data\instances_orlib\thpack3_p013_seed2503705.json,587.0,220.0,233.0,199
thpack3_p014_seed2503805,data\instances_orlib\thpack3_p014_seed2503805.json,587.0,220.0,233.0,104
thpack3_p015_seed2503905,data\instances_orlib\thpack3_p015_seed2503905.json,587.0,220.0,233.0,103
thpack3_p016_seed2504005,data\instances_orlib\thpack3_p016_seed2504005.json,587.0,220.0,233.0,128
thpack3_p017_seed2504105,data\instances_orlib\thpack3_p017_seed2504105.json,587.0,220.0,233.0,86
thpack3_p018_seed2504205,data\instances_orlib\thpack3_p018_seed2504205.json,587.0,220.0,233.0,85
thpack3_p019_seed2504305,data\instances_orlib\thpack3_p019_seed2504305.json,587.0,220.0,233.0,176
thpack3_p020_seed2504405,data\instances_orlib\thpack3_p020_seed2504405.json,587.0,220.0,233.0,135
thpack3_p021_seed2504505,data\instances_orlib\thpack3_p021_seed2504505.json,587.0,220.0,233.0,94
thpack3_p022_seed2504605,data\instances_orlib\thpack3_p022_seed2504605.json,587.0,220.0,233.0,111
thpack3_p023_seed2504705,data\instances_orlib\thpack3_p023_seed2504705.json,587.0,220.0,233.0,130
thpack3_p024_seed2504805,data\instances_orlib\thpack3_p024_seed2504805.json,587.0,220.0,233.0,112
thpack3_p025_seed2504905,data\instances_orlib\thpack3_p025_seed2504905.json,587.0,220.0,233.0,135
thpack3_p026_seed2505005,data\instances_orlib\thpack3_p026_seed2505005.json,587.0,220.0,233.0,161
thpack3_p027_seed2505105,data\instances_orlib\thpack3_p027_seed2505105.json,587.0,220.0,233.0,120
thpack3_p028_seed2505205,data\instances_orlib\thpack3_p028_seed2505205.json,587.0,220.0,233.0,143
thpack3_p029_seed2505305,data\instances_orlib\thpack3_p029_seed2505305.json,587.0,220.0,233.0,194
thpack3_p030_seed2505405,data\instances_orlib\thpack3_p030_seed2505405.json,587.0,220.0,233.0,161
thpack3_p031_seed2505505,data\instances_orlib\thpack3_p031_seed2505505.json,587.0,220.0,233.0,136
thpack3_p032_seed2505605,data\instances_orlib\thpack3_p032_seed2505605.json,587.0,220.0,233.0,141
thpack3_p033_seed2505705,data\instances_orlib\thpack3_p033_seed2505705.json,587.0,220.0,233.0,131
thpack3_p034_seed2505805,data\instances_orlib\thpack3_p034_seed2505805.json,587.0,220.0,233.0,164
thpack3_p035_seed2505905,data\instances_orlib\thpack3_p035_seed2505905.json,587.0,220.0,233.0,149
thpack3_p036_seed2506005,data\instances_orlib\thpack3_p036_seed2506005.json,587.0,220.0,233.0,111
thpack3_p037_seed2506105,data\instances_orlib\thpack3_p037_seed2506105.json,587.0,220.0,233.0,112
thpack3_p038_seed2506205,data\instances_orlib\thpack3_p038_seed2506205.json,587.0,220.0,233.0,103
thpack3_p039_seed2506305,data\instances_orlib\thpack3_p039_seed2506305.json,587.0,220.0,233.0,232
thpack3_p040_seed2506405,data\instances_orlib\thpack3_p040_seed2506405.json,587.0,220.0,233.0,86
thpack3_p041_seed2506505,data\instances_orlib\thpack3_p041_seed2506505.json,587.0,220.0,233.0,124
thpack3_p042_seed2506605,data\instances_orlib\thpack3_p042_seed2506605.json,587.0,220.0,233.0,131
thpack3_p043_seed2506705,data\instances_orlib\thpack3_p043_seed2506705.json,587.0,220.0,233.0,92
thpack3_p044_seed2506805,data\instances_orlib\thpack3_p044_seed2506805.json,587.0,220.0,233.0,142
thpack3_p045_seed2506905,data\instances_orlib\thpack3_p045_seed2506905.json,587.0,220.0,233.0,147
thpack3_p046_seed2507005,data\instances_orlib\thpack3_p046_seed2507005.json,587.0,220.0,233.0,110
thpack3_p047_seed2507105,data\instances_orlib\thpack3_p047_seed2507105.json,587.0,220.0,233.0,148
thpack3_p048_seed2507205,data\instances_orlib\thpack3_p048_seed2507205.json,587.0,220.0,233.0,103
thpack3_p049_seed2507305,data\instances_orlib\thpack3_p049_seed2507305.json,587.0,220.0,233.0,105
thpack3_p050_seed2507405,data\instances_orlib\thpack3_p050_seed2507405.json,587.0,220.0,233.0,136
thpack3_p051_seed2507505,data\instances_orlib\thpack3_p051_seed2507505.json,587.0,220.0,233.0,165
thpack3_p052_seed2507605,data\instances_orlib\thpack3_p052_seed2507605.json,587.0,220.0,233.0,143
thpack3_p053_seed2507705,data\instances_orlib\thpack3_p053_seed2507705.json,587.0,220.0,233.0,100
thpack3_p054_seed2507805,data\instances_orlib\thpack3_p054_seed2507805.json,587.0,220.0,233.0,178
thpack3_p055_seed2507905,data\instances_orlib\thpack3_p055_seed2507905.json,587.0,220.0,233.0,154
thpack3_p056_seed2508005,data\instances_orlib\thpack3_p056_seed2508005.json,587.0,220.0,233.0,212
thpack3_p057_seed2508105,data\instances_orlib\thpack3_p057_seed2508105.json,587.0,220.0,233.0,118
thpack3_p058_seed2508205,data\instances_orlib\thpack3_p058_seed2508205.json,587.0,220.0,233.0,87
thpack3_p059_seed2508305,data\instances_orlib\thpack3_p059_seed2508305.json,587.0,220.0,233.0,216
thpack3_p060_seed2508405,data\instances_orlib\thpack3_p060_seed2508405.json,587.0,220.0,233.0,114
thpack3_p061_seed2508505,data\instances_orlib\thpack3_p061_seed2508505.json,587.0,220.0,233.0,90
thpack3_p062_seed2508605,data\instances_orlib\thpack3_p062_seed2508605.json,587.0,220.0,233.0,114
thpack3_p063_seed2508705,data\instances_orlib\thpack3_p063_seed2508705.json,587.0,220.0,233.0,124
thpack3_p064_seed2508805,data\instances_orlib\thpack3_p064_seed2508805.json,587.0,220.0,233.0,134
thpack3_p065_seed2508905,data\instances_orlib\thpack3_p065_seed2508905.json,587.0,220.0,233.0,140
thpack3_p066_seed2509005,data\instances_orlib\thpack3_p066_seed2509005.json,587.0,220.0,233.0,97
thpack3_p067_seed2509105,data\instances_orlib\thpack3_p067_seed2509105.json,587.0,220.0,233.0,169
thpack3_p068_seed2509205,data\instances_orlib\thpack3_p068_seed2509205.json,587.0,220.0,233.0,119
thpack3_p069_seed2509305,data\instances_orlib\thpack3_p069_seed2509305.json,587.0,220.0,233.0,162
thpack3_p070_seed2509405,data\instances_orlib\thpack3_p070_seed2509405.json,587.0,220.0,233.0,108
thpack3_p071_seed2509505,data\instances_orlib\thpack3_p071_seed2509505.json,587.0,220.0,233.0,131
thpack3_p072_seed2509605,data\instances_orlib\thpack3_p072_seed2509605.json,587.0,220.0,233.0,138
thpack3_p073_seed2509705,data\instances_orlib\thpack3_p073_seed2509705.json,587.0,220.0,233.0,105
thpack3_p074_seed2509805,data\instances_orlib\thpack3_p074_seed2509805.json,587.0,220.0,233.0,114
thpack3_p075_seed2509905,data\instances_orlib\thpack3_p075_seed2509905.json,587.0,220.0,233.0,139
thpack3_p076_seed2510005,data\instances_orlib\thpack3_p076_seed2510005.json,587.0,220.0,233.0,144
thpack3_p077_seed2510105,data\instances_orlib\thpack3_p077_seed2510105.json,587.0,220.0,233.0,201
thpack3_p078_seed2510205,data\instances_orlib\thpack3_p078_seed2510205.json,587.0,220.0,233.0,155
thpack3_p079_seed2510305,data\instances_orlib\thpack3_p079_seed2510305.json,587.0,220.0,233.0,195
thpack3_p080_seed2510405,data\instances_orlib\thpack3_p080_seed2510405.json,587.0,220.0,233.0,114
thpack3_p081_seed2510505,data\instances_orlib\thpack3_p081_seed2510505.json,587.0,220.0,233.0,80
thpack3_p082_seed2510605,data\instances_orlib\thpack3_p082_seed2510605.json,587.0,220.0,233.0,174
thpack3_p083_seed2510705,data\instances_orlib\thpack3_p083_seed2510705.json,587.0,220.0,233.0,140
thpack3_p084_seed2510805,data\instances_orlib\thpack3_p084_seed2510805.json,587.0,220.0,233.0,101
thpack3_p085_seed2510905,data\instances_orlib\thpack3_p085_seed2510905.json,587.0,220.0,233.0,146
thpack3_p086_seed2511005,data\instances_orlib\thpack3_p086_seed2511005.json,587.0,220.0,233.0,155
thpack3_p087_seed2511105,data\instances_orlib\thpack3_p087_seed2511105.json,587.0,220.0,233.0,126
thpack3_p088_seed2511205,data\instances_orlib\thpack3_p088_seed2511205.json,587.0,220.0,233.0,167
thpack3_p089_seed2511305,data\instances_orlib\thpack3_p089_seed2511305.json,587.0,220.0,233.0,90
thpack3_p090_seed2511405,data\instances_orlib\thpack3_p090_seed2511405.json,587.0,220.0,233.0,84
thpack3_p091_seed2511505,data\instances_orlib\thpack3_p091_seed2511505.json,587.0,220.0,233.0,183
thpack3_p092_seed2511605,data\instances_orlib\thpack3_p092_seed2511605.json,587.0,220.0,233.0,97
thpack3_p093_seed2511705,data\instances_orlib\thpack3_p093_seed2511705.json,587.0,220.0,233.0,84
thpack3_p094_seed2511805,data\instances_orlib\thpack3_p094_seed2511805.json,587.0,220.0,233.0,154
thpack3_p095_seed2511905,data\instances_orlib\thpack3_p095_seed2511905.json,587.0,220.0,233.0,178
thpack3_p096_seed2512005,data\instances_orlib\thpack3_p096_seed2512005.json,587.0,220.0,233.0,197
thpack3_p097_seed2512105,data\instances_orlib\thpack3_p097_seed2512105.json,587.0,220.0,233.0,166
thpack3_p098_seed2512205,data\instances_orlib\thpack3_p098_seed2512205.json,587.0,220.0,233.0,125
thpack3_p099_seed2512305,data\instances_orlib\thpack3_p099_seed2512305.json,587.0,220.0,233.0,110
thpack3_p100_seed2512405,data\instances_orlib\thpack3_p100_seed2512405.json,587.0,220.0,233.0,137
thpack4_p001_seed2502505,data\instances_orlib\thpack4_p001_seed2502505.json,587.0,220.0,233.0,106
thpack4_p002_seed2502605,data\instances_orlib\thpack4_p002_seed2502605.json,587.0,220.0,233.0,123
thpack4_p003_seed2502705,data\instances_orlib\thpack4_p003_seed2502705.json,587.0,220.0,233.0,135
thpack4_p004_seed2502805,data\instances_orlib\thpack4_p004_seed2502805.json,587.0,220.0,233.0,169
thpack4_p005_seed2502905,data\instances_orlib\thpack4_p005_seed2502905.json,587.0,220.0,233.0,130
thpack4_p006_seed2503005,data\instances_orlib\thpack4_p006_seed2503005.json,587.0,220.0,233.0,132
thpack4_p007_seed2503105,data\instances_orlib\thpack4_p007_seed2503105.json,587.0,220.0,233.0,138
thpack4_p008_seed2503205,data\instances_orlib\thpack4_p008_seed2503205.json,587.0,220.0,233.0,107
thpack4_p009_seed2503305,data\instances_orlib\thpack4_p009_seed2503305.json,587.0,220.0,233.0,149
thpack4_p010_seed2503405,data\instances_orlib\thpack4_p010_seed2503405.json,587.0,220.0,233.0,133
thpack4_p011_seed2503505,data\instances_orlib\thpack4_p011_seed2503505.json,587.0,220.0,233.0,126
thpack4_p012_seed2503605,data\instances_orlib\thpack4_p012_seed2503605.json,587.0,220.0,233.0,114
thpack4_p013_seed2503705,data\instances_orlib\thpack4_p013_seed2503705.json,587.0,220.0,233.0,169
thpack4_p014_seed2503805,data\instances_orlib\thpack4_p014_seed2503805.json,587.0,220.0,233.0,105
thpack4_p015_seed2503905,data\instances_orlib\thpack4_p015_seed2503905.json,587.0,220.0,233.0,100
thpack4_p016_seed2504005,data\instances_orlib\thpack4_p016_seed2504005.json,587.0,220.0,233.0,138
thpack4_p017_seed2504105,data\instances_orlib\thpack4_p017_seed2504105.json,587.0,220.0,233.0,91
thpack4_p018_seed2504205,data\instances_orlib\thpack4_p018_seed2504205.json,587.0,220.0,233.0,75
thpack4_p019_seed2504305,data\instances_orlib\thpack4_p019_seed2504305.json,587.0,220.0,233.0,138
thpack4_p020_seed2504405,data\instances_orlib\thpack4_p020_seed2504405.json,587.0,220.0,233.0,139
thpack4_p021_seed2504505,data\instances_orlib\thpack4_p021_seed2504505.json,587.0,220.0,233.0,114
thpack4_p022_seed2504605,data\instances_orlib\thpack4_p022_seed2504605.json,587.0,220.0,233.0,111
thpack4_p023_seed2504705,data\instances_orlib\thpack4_p023_seed2504705.json,587.0,220.0,233.0,98
thpack4_p024_seed2504805,data\instances_orlib\thpack4_p024_seed2504805.json,587.0,220.0,233.0,137
thpack4_p025_seed2504905,data\instances_orlib\thpack4_p025_seed2504905.json,587.0,220.0,233.0,133
thpack4_p026_seed2505005,data\instances_orlib\thpack4_p026_seed2505005.json,587.0,220.0,233.0,158
thpack4_p027_seed2505105,data\instances_orlib\thpack4_p027_seed2505105.json,587.0,220.0,233.0,119
thpack4_p028_seed2505205,data\instances_orlib\thpack4_p028_seed2505205.json,587.0,220.0,233.0,175
thpack4_p029_seed2505305,data\instances_orlib\thpack4_p029_seed2505305.json,587.0,220.0,233.0,127
thpack4_p030_seed2505405,data\instances_orlib\thpack4_p030_seed2505405.json,587.0,220.0,233.0,151
thpack4_p031_seed2505505,data\instances_orlib\thpack4_p031_seed2505505.json,587.0,220.0,233.0,145
thpack4_p032_seed2505605,data\instances_orlib\thpack4_p032_seed2505605.json,587.0,220.0,233.0,156
thpack4_p033_seed2505705,data\instances_orlib\thpack4_p033_seed2505705.json,587.0,220.0,233.0,132
thpack4_p034_seed2505805,data\instances_orlib\thpack4_p034_seed2505805.json,587.0,220.0,233.0,136
thpack4_p035_seed2505905,data\instances_orlib\thpack4_p035_seed2505905.json,587.0,220.0,233.0,151
thpack4_p036_seed2506005,data\instances_orlib\thpack4_p036_seed2506005.json,587.0,220.0,233.0,131
thpack4_p037_seed2506105,data\instances_orlib\thpack4_p037_seed2506105.json,587.0,220.0,233.0,136
thpack4_p038_seed2506205,data\instances_orlib\thpack4_p038_seed2506205.json,587.0,220.0,233.0,115
thpack4_p039_seed2506305,data\instances_orlib\thpack4_p039_seed2506305.json,587.0,220.0,233.0,225
thpack4_p040_seed2506405,data\instances_orlib\thpack4_p040_seed2506405.json,587.0,220.0,233.0,102
thpack4_p041_seed2506505,data\instances_orlib\thpack4_p041_seed2506505.json,587.0,220.0,233.0,113
thpack4_p042_seed2506605,data\instances_orlib\thpack4_p042_seed2506605.json,587.0,220.0,233.0,121
thpack4_p043_seed2506705,data\instances_orlib\thpack4_p043_seed2506705.json,587.0,220.0,233.0,90
thpack4_p044_seed2506805,data\instances_orlib\thpack4_p044_seed2506805.json,587.0,220.0,233.0,138
thpack4_p045_seed2506905,data\instances_orlib\thpack4_p045_seed2506905.json,587.0,220.0,233.0,158
thpack4_p046_seed2507005,data\instances_orlib\thpack4_p046_seed2507005.json,587.0,220.0,233.0,98
thpack4_p047_seed2507105,data\instances_orlib\thpack4_p047_seed2507105.json,587.0,220.0,233.0,138
thpack4_p048_seed2507205,data\instances_orlib\thpack4_p048_seed2507205.json,587.0,220.0,233.0,109
thpack4_p049_seed2507305,data\instances_orlib\thpack4_p049_seed2507305.json,587.0,220.0,233.0,106
thpack4_p050_seed2507405,data\instances_orlib\thpack4_p050_seed2507405.json,587.0,220.0,233.0,167
thpack4_p051_seed2507505,data\instances_orlib\thpack4_p051_seed2507505.json,587.0,220.0,233.0,184
thpack4_p052_seed2507605,data\instances_orlib\thpack4_p052_seed2507605.json,587.0,220.0,233.0,143
thpack4_p053_seed2507705,data\instances_orlib\thpack4_p053_seed2507705.json,587.0,220.0,233.0,101
thpack4_p054_seed2507805,data\instances_orlib\thpack4_p054_seed2507805.json,587.0,220.0,233.0,172
thpack4_p055_seed2507905,data\instances_orlib\thpack4_p055_seed2507905.json,587.0,220.0,233.0,143
thpack4_p056_seed2508005,data\instances_orlib\thpack4_p056_seed2508005.json,587.0,220.0,233.0,233
thpack4_p057_seed2508105,data\instances_orlib\thpack4_p057_seed2508105.json,587.0,220.0,233.0,96
thpack4_p058_seed2508205,data\instances_orlib\thpack4_p058_seed2508205.json,587.0,220.0,233.0,106
thpack4_p059_seed2508305,data\instances_orlib\thpack4_p059_seed2508305.json,587.0,220.0,233.0,199
thpack4_p060_seed2508405,data\instances_orlib\thpack4_p060_seed2508405.json,587.0,220.0,233.0,125
thpack4_p061_seed2508505,data\instances_orlib\thpack4_p061_seed2508505.json,587.0,220.0,233.0,121
thpack4_p062_seed2508605,data\instances_orlib\thpack4_p062_seed2508605.json,587.0,220.0,233.0,125
thpack4_p063_seed2508705,data\instances_orlib\thpack4_p063_seed2508705.json,587.0,220.0,233.0,100
thpack4_p064_seed2508805,data\instances_orlib\thpack4_p064_seed2508805.json,587.0,220.0,233.0,118
thpack4_p065_seed2508905,data\instances_orlib\thpack4_p065_seed2508905.json,587.0,220.0,233.0,156
thpack4_p066_seed2509005,data\instances_orlib\thpack4_p066_seed2509005.json,587.0,220.0,233.0,105
thpack4_p067_seed2509105,data\instances_orlib\thpack4_p067_seed2509105.json,587.0,220.0,233.0,170
thpack4_p068_seed2509205,data\instances_orlib\thpack4_p068_seed2509205.json,587.0,220.0,233.0,103
thpack4_p069_seed2509305,data\instances_orlib\thpack4_p069_seed2509305.json,587.0,220.0,233.0,157
thpack4_p070_seed2509405,data\instances_orlib\thpack4_p070_seed2509405.json,587.0,220.0,233.0,117
thpack4_p071_seed2509505,data\instances_orlib\thpack4_p071_seed2509505.json,587.0,220.0,233.0,138
thpack4_p072_seed2509605,data\instances_orlib\thpack4_p072_seed2509605.json,587.0,220.0,233.0,129
thpack4_p073_seed2509705,data\instances_orlib\thpack4_p073_seed2509705.json,587.0,220.0,233.0,117
thpack4_p074_seed2509805,data\instances_orlib\thpack4_p074_seed2509805.json,587.0,220.0,233.0,91
thpack4_p075_seed2509905,data\instances_orlib\thpack4_p075_seed2509905.json,587.0,220.0,233.0,148
thpack4_p076_seed2510005,data\instances_orlib\thpack4_p076_seed2510005.json,587.0,220.0,233.0,118
thpack4_p077_seed2510105,data\instances_orlib\thpack4_p077_seed2510105.json,587.0,220.0,233.0,179
thpack4_p078_seed2510205,data\instances_orlib\thpack4_p078_seed2510205.json,587.0,220.0,233.0,164
thpack4_p079_seed2510305,data\instances_orlib\thpack4_p079_seed2510305.json,587.0,220.0,233.0,217
thpack4_p080_seed2510405,data\instances_orlib\thpack4_p080_seed2510405.json,587.0,220.0,233.0,132
thpack4_p081_seed2510505,data\instances_orlib\thpack4_p081_seed2510505.json,587.0,220.0,233.0,104
thpack4_p082_seed2510605,data\instances_orlib\thpack4_p082_seed2510605.json,587.0,220.0,233.0,153
thpack4_p083_seed2510705,data\instances_orlib\thpack4_p083_seed2510705.json,587.0,220.0,233.0,128
thpack4_p084_seed2510805,data\instances_orlib\thpack4_p084_seed2510805.json,587.0,220.0,233.0,125
thpack4_p085_seed2510905,data\instances_orlib\thpack4_p085_seed2510905.json,587.0,220.0,233.0,123
thpack4_p086_seed2511005,data\instances_orlib\thpack4_p086_seed2511005.json,587.0,220.0,233.0,152
thpack4_p087_seed2511105,data\instances_orlib\thpack4_p087_seed2511105.json,587.0,220.0,233.0,108
thpack4_p088_seed2511205,data\instances_orlib\thpack4_p088_seed2511205.json,587.0,220.0,233.0,178
thpack4_p089_seed2511305,data\instances_orlib\thpack4_p089_seed2511305.json,587.0,220.0,233.0,93
thpack4_p090_seed2511405,data\instances_orlib\thpack4_p090_seed2511405.json,587.0,220.0,233.0,95
thpack4_p091_seed2511505,data\instances_orlib\thpack4_p091_seed2511505.json,587.0,220.0,233.0,134
thpack4_p092_seed2511605,data\instances_orlib\thpack4_p092_seed2511605.json,587.0,220.0,233.0,93
thpack4_p093_seed2511705,data\instances_orlib\thpack4_p093_seed2511705.json,587.0,220.0,233.0,78
thpack4_p094_seed2511805,data\instances_orlib\thpack4_p094_seed2511805.json,587.0,220.0,233.0,141
thpack4_p095_seed2511905,data\instances_orlib\thpack4_p095_seed2511905.json,587.0,220.0,233.0,181
thpack4_p096_seed2512005,data\instances_orlib\thpack4_p096_seed2512005.json,587.0,220.0,233.0,149
thpack4_p097_seed2512105,data\instances_orlib\thpack4_p097_seed2512105.json,587.0,220.0,233.0,142
thpack4_p098_seed2512205,data\instances_orlib\thpack4_p098_seed2512205.json,587.0,220.0,233.0,116
thpack4_p099_seed2512305,data\instances_orlib\thpack4_p099_seed2512305.json,587.0,220.0,233.0,134
thpack4_p100_seed2512405,data\instances_orlib\thpack4_p100_seed2512405.json,587.0,220.0,233.0,144
thpack5_p001_seed2502505,data\instances_orlib\thpack5_p001_seed2502505.json,587.0,220.0,233.0,98
thpack5_p002_seed2502605,data\instances_orlib\thpack5_p002_seed2502605.json,587.0,220.0,233.0,138
thpack5_p003_seed2502705,data\instances_orlib\thpack5_p003_seed2502705.json,587.0,220.0,233.0,133
thpack5_p004_seed2502805,data\instances_orlib\thpack5_p004_seed2502805.json,587.0,220.0,233.0,142
thpack5_p005_seed2502905,data\instances_orlib\thpack5_p005_seed2502905.json,587.0,220.0,233.0,129
thpack5_p006_seed2503005,data\instances_orlib\thpack5_p006_seed2503005.json,587.0,220.0,233.0,140
thpack5_p007_seed2503105,data\instances_orlib\thpack5_p007_seed2503105.json,587.0,220.0,233.0,132
thpack5_p008_seed2503205,data\instances_orlib\thpack5_p008_seed2503205.json,587.0,220.0,233.0,98
thpack5_p009_seed2503305,data\instances_orlib\thpack5_p009_seed2503305.json,587.0,220.0,233.0,135
thpack5_p010_seed2503405,data\instances_orlib\thpack5_p010_seed2503405.json,587.0,220.0,233.0,133
thpack5_p011_seed2503505,data\instances_orlib\thpack5_p011_seed2503505.json,587.0,220.0,233.0,144
thpack5_p012_seed2503605,data\instances_orlib\thpack5_p012_seed2503605.json,587.0,220.0,233.0,109
thpack5_p013_seed2503705,data\instances_orlib\thpack5_p013_seed2503705.json,587.0,220.0,233.0,199
thpack5_p014_seed2503805,data\instances_orlib\thpack5_p014_seed2503805.json,587.0,220.0,233.0,123
thpack5_p015_seed2503905,data\instances_orlib\thpack5_p015_seed2503905.json,587.0,220.0,233.0,104
thpack5_p016_seed2504005,data\instances_orlib\thpack5_p016_seed2504005.json,587.0,220.0,233.0,118
thpack5_p017_seed2504105,data\instances_orlib\thpack5_p017_seed2504105.json,587.0,220.0,233.0,108
thpack5_p018_seed2504205,data\instances_orlib\thpack5_p018_seed2504205.json,587.0,220.0,233.0,87
thpack5_p019_seed2504305,data\instances_orlib\thpack5_p019_seed2504305.json,587.0,220.0,233.0,142
thpack5_p020_seed2504405,data\instances_orlib\thpack5_p020_seed2504405.json,587.0,220.0,233.0,138
thpack5_p021_seed2504505,data\instances_orlib\thpack5_p021_seed2504505.json,587.0,220.0,233.0,128
thpack5_p022_seed2504605,data\instances_orlib\thpack5_p022_seed2504605.json,587.0,220.0,233.0,116
thpack5_p023_seed2504705,data\instances_orlib\thpack5_p023_seed2504705.json,587.0,220.0,233.0,143
thpack5_p024_seed2504805,data\instances_orlib\thpack5_p024_seed2504805.json,587.0,220.0,233.0,111
thpack5_p025_seed2504905,data\instances_orlib\thpack5_p025_seed2504905.json,587.0,220.0,233.0,143
thpack5_p026_seed2505005,data\instances_orlib\thpack5_p026_seed2505005.json,587.0,220.0,233.0,161
thpack5_p027_seed2505105,data\instances_orlib\thpack5_p027_seed2505105.json,587.0,220.0,233.0,120
thpack5_p028_seed2505205,data\instances_orlib\thpack5_p028_seed2505205.json,587.0,220.0,233.0,180
thpack5_p029_seed2505305,data\instances_orlib\thpack5_p029_seed2505305.json,587.0,220.0,233.0,120
thpack5_p030_seed2505405,data\instances_orlib\thpack5_p030_seed2505405.json,587.0,220.0,233.0,135
thpack5_p031_seed2505505,data\instances_orlib\thpack5_p031_seed2505505.json,587.0,220.0,233.0,147
thpack5_p032_seed2505605,data\instances_orlib\thpack5_p032_seed2505605.json,587.0,220.0,233.0,163
thpack5_p033_seed2505705,data\instances_orlib\thpack5_p033_seed2505705.json,587.0,220.0,233.0,141
thpack5_p034_seed2505805,data\instances_orlib\thpack5_p034_seed2505805.json,587.0,220.0,233.0,115
thpack5_p035_seed2505905,data\instances_orlib\thpack5_p035_seed2505905.json,587.0,220.0,233.0,143
thpack5_p036_seed2506005,data\instances_orlib\thpack5_p036_seed2506005.json,587.0,220.0,233.0,124
thpack5_p037_seed2506105,data\instances_orlib\thpack5_p037_seed2506105.json,587.0,220.0,233.0,122
thpack5_p038_seed2506205,data\instances_orlib\thpack5_p038_seed2506205.json,587.0,220.0,233.0,118
thpack5_p039_seed2506305,data\instances_orlib\thpack5_p039_seed2506305.json,587.0,220.0,233.0,196
thpack5_p040_seed2506405,data\instances_orlib\thpack5_p040_seed2506405.json,587.0,220.0,233.0,106
thpack5_p041_seed2506505,data\instances_orlib\thpack5_p041_seed2506505.json,587.0,220.0,233.0,133
thpack5_p042_seed2506605,data\instances_orlib\thpack5_p042_seed2506605.json,587.0,220.0,233.0,113
thpack5_p043_seed2506705,data\instances_orlib\thpack5_p043_seed2506705.json,587.0,220.0,233.0,113
thpack5_p044_seed2506805,data\instances_orlib\thpack5_p044_seed2506805.json,587.0,220.0,233.0,136
thpack5_p045_seed2506905,data\instances_orlib\thpack5_p045_seed2506905.json,587.0,220.0,233.0,171
thpack5_p046_seed2507005,data\instances_orlib\thpack5_p046_seed2507005.json,587.0,220.0,233.0,99
thpack5_p047_seed2507105,data\instances_orlib\thpack5_p047_seed2507105.json,587.0,220.0,233.0,146
thpack5_p048_seed2507205,data\instances_orlib\thpack5_p048_seed2507205.json,587.0,220.0,233.0,111
thpack5_p049_seed2507305,data\instances_orlib\thpack5_p049_seed2507305.json,587.0,220.0,233.0,104
thpack5_p050_seed2507405,data\instances_orlib\thpack5_p050_seed2507405.json,587.0,220.0,233.0,172
thpack5_p051_seed2507505,data\instances_orlib\thpack5_p051_seed2507505.json,587.0,220.0,233.0,195
thpack5_p052_seed2507605,data\instances_orlib\thpack5_p052_seed2507605.json,587.0,220.0,233.0,139
thpack5_p053_seed2507705,data\instances_orlib\thpack5_p053_seed2507705.json,587.0,220.0,233.0,122
thpack5_p054_seed2507805,data\instances_orlib\thpack5_p054_seed2507805.json,587.0,220.0,233.0,183
thpack5_p055_seed2507905,data\instances_orlib\thpack5_p055_seed2507905.json,587.0,220.0,233.0,136
thpack5_p056_seed2508005,data\instances_orlib\thpack5_p056_seed2508005.json,587.0,220.0,233.0,218
thpack5_p057_seed2508105,data\instances_orlib\thpack5_p057_seed2508105.json,587.0,220.0,233.0,104
thpack5_p058_seed2508205,data\instances_orlib\thpack5_p058_seed2508205.json,587.0,220.0,233.0,115
thpack5_p059_seed2508305,data\instances_orlib\thpack5_p059_seed2508305.json,587.0,220.0,233.0,154
thpack5_p060_seed2508405,data\instances_orlib\thpack5_p060_seed2508405.json,587.0,220.0,233.0,127
thpack5_p061_seed2508505,data\instances_orlib\thpack5_p061_seed2508505.json,587.0,220.0,233.0,106
thpack5_p062_seed2508605,data\instances_orlib\thpack5_p062_seed2508605.json,587.0,220.0,233.0,131
thpack5_p063_seed2508705,data\instances_orlib\thpack5_p063_seed2508705.json,587.0,220.0,233.0,105
thpack5_p064_seed2508805,data\instances_orlib\thpack5_p064_seed2508805.json,587.0,220.0,233.0,115
thpack5_p065_seed2508905,data\instances_orlib\thpack5_p065_seed2508905.json,587.0,220.0,233.0,160
thpack5_p066_seed2509005,data\instances_orlib\thpack5_p066_seed2509005.json,587.0,220.0,233.0,108
thpack5_p067_seed2509105,data\instances_orlib\thpack5_p067_seed2509105.json,587.0,220.0,233.0,141
thpack5_p068_seed2509205,data\instances_orlib\thpack5_p068_seed2509205.json,587.0,220.0,233.0,103
thpack5_p069_seed2509305,data\instances_orlib\thpack5_p069_seed2509305.json,587.0,220.0,233.0,158
thpack5_p070_seed2509405,data\instances_orlib\thpack5_p070_seed2509405.json,587.0,220.0,233.0,109
thpack5_p071_seed2509505,data\instances_orlib\thpack5_p071_seed2509505.json,587.0,220.0,233.0,141
thpack5_p072_seed2509605,data\instances_orlib\thpack5_p072_seed2509605.json,587.0,220.0,233.0,135
thpack5_p073_seed2509705,data\instances_orlib\thpack5_p073_seed2509705.json,587.0,220.0,233.0,127
thpack5_p074_seed2509805,data\instances_orlib\thpack5_p074_seed2509805.json,587.0,220.0,233.0,101
thpack5_p075_seed2509905,data\instances_orlib\thpack5_p075_seed2509905.json,587.0,220.0,233.0,116
thpack5_p076_seed2510005,data\instances_orlib\thpack5_p076_seed2510005.json,587.0,220.0,233.0,113
thpack5_p077_seed2510105,data\instances_orlib\thpack5_p077_seed2510105.json,587.0,220.0,233.0,171
thpack5_p078_seed2510205,data\instances_orlib\thpack5_p078_seed2510205.json,587.0,220.0,233.0,163
thpack5_p079_seed2510305,data\instances_orlib\thpack5_p079_seed2510305.json,587.0,220.0,233.0,190
thpack5_p080_seed2510405,data\instances_orlib\thpack5_p080_seed2510405.json,587.0,220.0,233.0,143
thpack5_p081_seed2510505,data\instances_orlib\thpack5_p081_seed2510505.json,587.0,220.0,233.0,101
thpack5_p082_seed2510605,data\instances_orlib\thpack5_p082_seed2510605.json,587.0,220.0,233.0,135
thpack5_p083_seed2510705,data\instances_orlib\thpack5_p083_seed2510705.json,587.0,220.0,233.0,127
thpack5_p084_seed2510805,data\instances_orlib\thpack5_p084_seed2510805.json,587.0,220.0,233.0,138
thpack5_p085_seed2510905,data\instances_orlib\thpack5_p085_seed2510905.json,587.0,220.0,233.0,126
thpack5_p086_seed2511005,data\instances_orlib\thpack5_p086_seed2511005.json,587.0,220.0,233.0,126
thpack5_p087_seed2511105,data\instances_orlib\thpack5_p087_seed2511105.json,587.0,220.0,233.0,113
thpack5_p088_seed2511205,data\instances_orlib\thpack5_p088_seed2511205.json,587.0,220.0,233.0,171
thpack5_p089_seed2511305,data\instances_orlib\thpack5_p089_seed2511305.json,587.0,220.0,233.0,93
thpack5_p090_seed2511405,data\instances_orlib\thpack5_p090_seed2511405.json,587.0,220.0,233.0,99
thpack5_p091_seed2511505,data\instances_orlib\thpack5_p091_seed2511505.json,587.0,220.0,233.0,138
thpack5_p092_seed2511605,data\instances_orlib\thpack5_p092_seed2511605.json,587.0,220.0,233.0,116
thpack5_p093_seed2511705,data\instances_orlib\thpack5_p093_seed2511705.json,587.0,220.0,233.0,84
thpack5_p094_seed2511805,data\instances_orlib\thpack5_p094_seed2511805.json,587.0,220.0,233.0,130
thpack5_p095_seed2511905,data\instances_orlib\thpack5_p095_seed2511905.json,587.0,220.0,233.0,186
thpack5_p096_seed2512005,data\instances_orlib\thpack5_p096_seed2512005.json,587.0,220.0,233.0,155
thpack5_p097_seed2512105,data\instances_orlib\thpack5_p097_seed2512105.json,587.0,220.0,233.0,137
thpack5_p098_seed2512205,data\instances_orlib\thpack5_p098_seed2512205.json,587.0,220.0,233.0,133
thpack5_p099_seed2512305,data\instances_orlib\thpack5_p099_seed2512305.json,587.0,220.0,233.0,135
thpack5_p100_seed2512405,data\instances_orlib\thpack5_p100_seed2512405.json,587.0,220.0,233.0,135
thpack6_p001_seed2502505,data\instances_orlib\thpack6_p001_seed2502505.json,587.0,220.0,233.0,129
thpack6_p002_seed2502605,data\instances_orlib\thpack6_p002_seed2502605.json,587.0,220.0,233.0,149
thpack6_p003_seed2502705,data\instances_orlib\thpack6_p003_seed2502705.json,587.0,220.0,233.0,138
thpack6_p004_seed2502805,data\instances_orlib\thpack6_p004_seed2502805.json,587.0,220.0,233.0,144
thpack6_p005_seed2502905,data\instances_orlib\thpack6_p005_seed2502905.json,587.0,220.0,233.0,145
thpack6_p006_seed2503005,data\instances_orlib\thpack6_p006_seed2503005.json,587.0,220.0,233.0,138
thpack6_p007_seed2503105,data\instances_orlib\thpack6_p007_seed2503105.json,587.0,220.0,233.0,123
thpack6_p008_seed2503205,data\instances_orlib\thpack6_p008_seed2503205.json,587.0,220.0,233.0,104
thpack6_p009_seed2503305,data\instances_orlib\thpack6_p009_seed2503305.json,587.0,220.0,233.0,124
thpack6_p010_seed2503405,data\instances_orlib\thpack6_p010_seed2503405.json,587.0,220.0,233.0,144
thpack6_p011_seed2503505,data\instances_orlib\thpack6_p011_seed2503505.json,587.0,220.0,233.0,131
thpack6_p012_seed2503605,data\instances_orlib\thpack6_p012_seed2503605.json,587.0,220.0,233.0,122
thpack6_p013_seed2503705,data\instances_orlib\thpack6_p013_seed2503705.json,587.0,220.0,233.0,203
thpack6_p014_seed2503805,data\instances_orlib\thpack6_p014_seed2503805.json,587.0,220.0,233.0,143
thpack6_p015_seed2503905,data\instances_orlib\thpack6_p015_seed2503905.json,587.0,220.0,233.0,95
thpack6_p016_seed2504005,data\instances_orlib\thpack6_p016_seed2504005.json,587.0,220.0,233.0,122
thpack6_p017_seed2504105,data\instances_orlib\thpack6_p017_seed2504105.json,587.0,220.0,233.0,121
thpack6_p018_seed2504205,data\instances_orlib\thpack6_p018_seed2504205.json,587.0,220.0,233.0,88
thpack6_p019_seed2504305,data\instances_orlib\thpack6_p019_seed2504305.json,587.0,220.0,233.0,132
thpack6_p020_seed2504405,data\instances_orlib\thpack6_p020_seed2504405.json,587.0,220.0,233.0,140
thpack6_p021_seed2504505,data\instances_orlib\thpack6_p021_seed2504505.json,587.0,220.0,233.0,129
thpack6_p022_seed2504605,data\instances_orlib\thpack6_p022_seed2504605.json,587.0,220.0,233.0,131
thpack6_p023_seed2504705,data\instances_orlib\thpack6_p023_seed2504705.json,587.0,220.0,233.0,116
thpack6_p024_seed2504805,data\instances_orlib\thpack6_p024_seed2504805.json,587.0,220.0,233.0,105
thpack6_p025_seed2504905,data\instances_orlib\thpack6_p025_seed2504905.json,587.0,220.0,233.0,138
thpack6_p026_seed2505005,data\instances_orlib\thpack6_p026_seed2505005.json,587.0,220.0,233.0,165
thpack6_p027_seed2505105,data\instances_orlib\thpack6_p027_seed2505105.json,587.0,220.0,233.0,128
thpack6_p028_seed2505205,data\instances_orlib\thpack6_p028_seed2505205.json,587.0,220.0,233.0,152
thpack6_p029_seed2505305,data\instances_orlib\thpack6_p029_seed2505305.json,587.0,220.0,233.0,138
thpack6_p030_seed2505405,data\instances_orlib\thpack6_p030_seed2505405.json,587.0,220.0,233.0,135
thpack6_p031_seed2505505,data\instances_orlib\thpack6_p031_seed2505505.json,587.0,220.0,233.0,159
thpack6_p032_seed2505605,data\instances_orlib\thpack6_p032_seed2505605.json,587.0,220.0,233.0,143
thpack6_p033_seed2505705,data\instances_orlib\thpack6_p033_seed2505705.json,587.0,220.0,233.0,141
thpack6_p034_seed2505805,data\instances_orlib\thpack6_p034_seed2505805.json,587.0,220.0,233.0,113
thpack6_p035_seed2505905,data\instances_orlib\thpack6_p035_seed2505905.json,587.0,220.0,233.0,152
thpack6_p036_seed2506005,data\instances_orlib\thpack6_p036_seed2506005.json,587.0,220.0,233.0,113
thpack6_p037_seed2506105,data\instances_orlib\thpack6_p037_seed2506105.json,587.0,220.0,233.0,106
thpack6_p038_seed2506205,data\instances_orlib\thpack6_p038_seed2506205.json,587.0,220.0,233.0,131
thpack6_p039_seed2506305,data\instances_orlib\thpack6_p039_seed2506305.json,587.0,220.0,233.0,183
thpack6_p040_seed2506405,data\instances_orlib\thpack6_p040_seed2506405.json,587.0,220.0,233.0,102
thpack6_p041_seed2506505,data\instances_orlib\thpack6_p041_seed2506505.json,587.0,220.0,233.0,131
thpack6_p042_seed2506605,data\instances_orlib\thpack6_p042_seed2506605.json,587.0,220.0,233.0,125
thpack6_p043_seed2506705,data\instances_orlib\thpack6_p043_seed2506705.json,587.0,220.0,233.0,108
thpack6_p044_seed2506805,data\instances_orlib\thpack6_p044_seed2506805.json,587.0,220.0,233.0,140
thpack6_p045_seed2506905,data\instances_orlib\thpack6_p045_seed2506905.json,587.0,220.0,233.0,157
thpack6_p046_seed2507005,data\instances_orlib\thpack6_p046_seed2507005.json,587.0,220.0,233.0,111
thpack6_p047_seed2507105,data\instances_orlib\thpack6_p047_seed2507105.json,587.0,220.0,233.0,147
thpack6_p048_seed2507205,data\instances_orlib\thpack6_p048_seed2507205.json,587.0,220.0,233.0,110
thpack6_p049_seed2507305,data\instances_orlib\thpack6_p049_seed2507305.json,587.0,220.0,233.0,108
thpack6_p050_seed2507405,data\instances_orlib\thpack6_p050_seed2507405.json,587.0,220.0,233.0,145
thpack6_p051_seed2507505,data\instances_orlib\thpack6_p051_seed2507505.json,587.0,220.0,233.0,175
thpack6_p052_seed2507605,data\instances_orlib\thpack6_p052_seed2507605.json,587.0,220.0,233.0,140
thpack6_p053_seed2507705,data\instances_orlib\thpack6_p053_seed2507705.json,587.0,220.0,233.0,128
thpack6_p054_seed2507805,data\instances_orlib\thpack6_p054_seed2507805.json,587.0,220.0,233.0,165
thpack6_p055_seed2507905,data\instances_orlib\thpack6_p055_seed2507905.json,587.0,220.0,233.0,144
thpack6_p056_seed2508005,data\instances_orlib\thpack6_p056_seed2508005.json,587.0,220.0,233.0,153
thpack6_p057_seed2508105,data\instances_orlib\thpack6_p057_seed2508105.json,587.0,220.0,233.0,111
thpack6_p058_seed2508205,data\instances_orlib\thpack6_p058_seed2508205.json,587.0,220.0,233.0,116
thpack6_p059_seed2508305,data\instances_orlib\thpack6_p059_seed2508305.json,587.0,220.0,233.0,126
thpack6_p060_seed2508405,data\instances_orlib\thpack6_p060_seed2508405.json,587.0,220.0,233.0,132
thpack6_p061_seed2508505,data\instances_orlib\thpack6_p061_seed2508505.json,587.0,220.0,233.0,110
thpack6_p062_seed2508605,data\instances_orlib\thpack6_p062_seed2508605.json,587.0,220.0,233.0,123
thpack6_p063_seed2508705,data\instances_orlib\thpack6_p063_seed2508705.json,587.0,220.0,233.0,114
thpack6_p064_seed2508805,data\instances_orlib\thpack6_p064_seed2508805.json,587.0,220.0,233.0,125
thpack6_p065_seed2508905,data\instances_orlib\thpack6_p065_seed2508905.json,587.0,220.0,233.0,156
thpack6_p066_seed2509005,data\instances_orlib\thpack6_p066_seed2509005.json,587.0,220.0,233.0,116
thpack6_p067_seed2509105,data\instances_orlib\thpack6_p067_seed2509105.json,587.0,220.0,233.0,150
thpack6_p068_seed2509205,data\instances_orlib\thpack6_p068_seed2509205.json,587.0,220.0,233.0,103
thpack6_p069_seed2509305,data\instances_orlib\thpack6_p069_seed2509305.json,587.0,220.0,233.0,167
thpack6_p070_seed2509405,data\instances_orlib\thpack6_p070_seed2509405.json,587.0,220.0,233.0,106
thpack6_p071_seed2509505,data\instances_orlib\thpack6_p071_seed2509505.json,587.0,220.0,233.0,137
thpack6_p072_seed2509605,data\instances_orlib\thpack6_p072_seed2509605.json,587.0,220.0,233.0,132
thpack6_p073_seed2509705,data\instances_orlib\thpack6_p073_seed2509705.json,587.0,220.0,233.0,114
thpack6_p074_seed2509805,data\instances_orlib\thpack6_p074_seed2509805.json,587.0,220.0,233.0,100
thpack6_p075_seed2509905,data\instances_orlib\thpack6_p075_seed2509905.json,587.0,220.0,233.0,123
thpack6_p076_seed2510005,data\instances_orlib\thpack6_p076_seed2510005.json,587.0,220.0,233.0,122
thpack6_p077_seed2510105,data\instances_orlib\thpack6_p077_seed2510105.json,587.0,220.0,233.0,158
thpack6_p078_seed2510205,data\instances_orlib\thpack6_p078_seed2510205.json,587.0,220.0,233.0,155
thpack6_p079_seed2510305,data\instances_orlib\thpack6_p079_seed2510305.json,587.0,220.0,233.0,168
thpack6_p080_seed2510405,data\instances_orlib\thpack6_p080_seed2510405.json,587.0,220.0,233.0,158
thpack6_p081_seed2510505,data\instances_orlib\thpack6_p081_seed2510505.json,587.0,220.0,233.0,94
thpack6_p082_seed2510605,data\instances_orlib\thpack6_p082_seed2510605.json,587.0,220.0,233.0,139
thpack6_p083_seed2510705,data\instances_orlib\thpack6_p083_seed2510705.json,587.0,220.0,233.0,129
thpack6_p084_seed2510805,data\instances_orlib\thpack6_p084_seed2510805.json,587.0,220.0,233.0,137
thpack6_p085_seed2510905,data\instances_orlib\thpack6_p085_seed2510905.json,587.0,220.0,233.0,128
thpack6_p086_seed2511005,data\instances_orlib\thpack6_p086_seed2511005.json,587.0,220.0,233.0,138
thpack6_p087_seed2511105,data\instances_orlib\thpack6_p087_seed2511105.json,587.0,220.0,233.0,108
thpack6_p088_seed2511205,data\instances_orlib\thpack6_p088_seed2511205.json,587.0,220.0,233.0,171
thpack6_p089_seed2511305,data\instances_orlib\thpack6_p089_seed2511305.json,587.0,220.0,233.0,100
thpack6_p090_seed2511405,data\instances_orlib\thpack6_p090_seed2511405.json,587.0,220.0,233.0,85
thpack6_p091_seed2511505,data\instances_orlib\thpack6_p091_seed2511505.json,587.0,220.0,233.0,123
thpack6_p092_seed2511605,data\instances_orlib\thpack6_p092_seed2511605.json,587.0,220.0,233.0,114
thpack6_p093_seed2511705,data\instances_orlib\thpack6_p093_seed2511705.json,587.0,220.0,233.0,86
thpack6_p094_seed2511805,data\instances_orlib\thpack6_p094_seed2511805.json,587.0,220.0,233.0,138
thpack6_p095_seed2511905,data\instances_orlib\thpack6_p095_seed2511905.json,587.0,220.0,233.0,155
thpack6_p096_seed2512005,data\instances_orlib\thpack6_p096_seed2512005.json,587.0,220.0,233.0,131
thpack6_p097_seed2512105,data\instances_orlib\thpack6_p097_seed2512105.json,587.0,220.0,233.0,141
thpack6_p098_seed2512205,data\instances_orlib\thpack6_p098_seed2512205.json,587.0,220.0,233.0,147
thpack6_p099_seed2512305,data\instances_orlib\thpack6_p099_seed2512305.json,587.0,220.0,233.0,120
thpack6_p100_seed2512405,data\instances_orlib\thpack6_p100_seed2512405.json,587.0,220.0,233.0,139
thpack7_p001_seed2502505,data\instances_orlib\thpack7_p001_seed2502505.json,587.0,220.0,233.0,110
thpack7_p002_seed2502605,data\instances_orlib\thpack7_p002_seed2502605.json,587.0,220.0,233.0,129
thpack7_p003_seed2502705,data\instances_orlib\thpack7_p003_seed2502705.json,587.0,220.0,233.0,126
thpack7_p004_seed2502805,data\instances_orlib\thpack7_p004_seed2502805.json,587.0,220.0,233.0,153
thpack7_p005_seed2502905,data\instances_orlib\thpack7_p005_seed2502905.json,587.0,220.0,233.0,126
thpack7_p006_seed2503005,data\instances_orlib\thpack7_p006_seed2503005.json,587.0,220.0,233.0,156
thpack7_p007_seed2503105,data\instances_orlib\thpack7_p007_seed2503105.json,587.0,220.0,233.0,109
thpack7_p008_seed2503205,data\instances_orlib\thpack7_p008_seed2503205.json,587.0,220.0,233.0,119
thpack7_p009_seed2503305,data\instances_orlib\thpack7_p009_seed2503305.json,587.0,220.0,233.0,129
thpack7_p010_seed2503405,data\instances_orlib\thpack7_p010_seed2503405.json,587.0,220.0,233.0,135
thpack7_p011_seed2503505,data\instances_orlib\thpack7_p011_seed2503505.json,587.0,220.0,233.0,143
thpack7_p012_seed2503605,data\instances_orlib\thpack7_p012_seed2503605.json,587.0,220.0,233.0,146
thpack7_p013_seed2503705,data\instances_orlib\thpack7_p013_seed2503705.json,587.0,220.0,233.0,172
thpack7_p014_seed2503805,data\instances_orlib\thpack7_p014_seed2503805.json,587.0,220.0,233.0,119
thpack7_p015_seed2503905,data\instances_orlib\thpack7_p015_seed2503905.json,587.0,220.0,233.0,117
thpack7_p016_seed2504005,data\instances_orlib\thpack7_p016_seed2504005.json,587.0,220.0,233.0,118
thpack7_p017_seed2504105,data\instances_orlib\thpack7_p017_seed2504105.json,587.0,220.0,233.0,125
thpack7_p018_seed2504205,data\instances_orlib\thpack7_p018_seed2504205.json,587.0,220.0,233.0,103
thpack7_p019_seed2504305,data\instances_orlib\thpack7_p019_seed2504305.json,587.0,220.0,233.0,135
thpack7_p020_seed2504405,data\instances_orlib\thpack7_p020_seed2504405.json,587.0,220.0,233.0,130
thpack7_p021_seed2504505,data\instances_orlib\thpack7_p021_seed2504505.json,587.0,220.0,233.0,133
thpack7_p022_seed2504605,data\instances_orlib\thpack7_p022_seed2504605.json,587.0,220.0,233.0,130
thpack7_p023_seed2504705,data\instances_orlib\thpack7_p023_seed2504705.json,587.0,220.0,233.0,157
thpack7_p024_seed2504805,data\instances_orlib\thpack7_p024_seed2504805.json,587.0,220.0,233.0,105
thpack7_p025_seed2504905,data\instances_orlib\thpack7_p025_seed2504905.json,587.0,220.0,233.0,130
thpack7_p026_seed2505005,data\instances_orlib\thpack7_p026_seed2505005.json,587.0,220.0,233.0,151
thpack7_p027_seed2505105,data\instances_orlib\thpack7_p027_seed2505105.json,587.0,220.0,233.0,121
thpack7_p028_seed2505205,data\instances_orlib\thpack7_p028_seed2505205.json,587.0,220.0,233.0,144
thpack7_p029_seed2505305,data\instances_orlib\thpack7_p029_seed2505305.json,587.0,220.0,233.0,117
thpack7_p030_seed2505405,data\instances_orlib\thpack7_p030_seed2505405.json,587.0,220.0,233.0,143
thpack7_p031_seed2505505,data\instances_orlib\thpack7_p031_seed2505505.json,587.0,220.0,233.0,161
thpack7_p032_seed2505605,data\instances_orlib\thpack7_p032_seed2505605.json,587.0,220.0,233.0,149
thpack7_p033_seed2505705,data\instances_orlib\thpack7_p033_seed2505705.json,587.0,220.0,233.0,142
thpack7_p034_seed2505805,data\instances_orlib\thpack7_p034_seed2505805.json,587.0,220.0,233.0,106
thpack7_p035_seed2505905,data\instances_orlib\thpack7_p035_seed2505905.json,587.0,220.0,233.0,162
thpack7_p036_seed2506005,data\instances_orlib\thpack7_p036_seed2506005.json,587.0,220.0,233.0,133
thpack7_p037_seed2506105,data\instances_orlib\thpack7_p037_seed2506105.json,587.0,220.0,233.0,99
thpack7_p038_seed2506205,data\instances_orlib\thpack7_p038_seed2506205.json,587.0,220.0,233.0,120
thpack7_p039_seed2506305,data\instances_orlib\thpack7_p039_seed2506305.json,587.0,220.0,233.0,167
thpack7_p040_seed2506405,data\instances_orlib\thpack7_p040_seed2506405.json,587.0,220.0,233.0,119
thpack7_p041_seed2506505,data\instances_orlib\thpack7_p041_seed2506505.json,587.0,220.0,233.0,127
thpack7_p042_seed2506605,data\instances_orlib\thpack7_p042_seed2506605.json,587.0,220.0,233.0,108
thpack7_p043_seed2506705,data\instances_orlib\thpack7_p043_seed2506705.json,587.0,220.0,233.0,96
thpack7_p044_seed2506805,data\instances_orlib\thpack7_p044_seed2506805.json,587.0,220.0,233.0,156
thpack7_p045_seed2506905,data\instances_orlib\thpack7_p045_seed2506905.json,587.0,220.0,233.0,140
thpack7_p046_seed2507005,data\instances_orlib\thpack7_p046_seed2507005.json,587.0,220.0,233.0,116
thpack7_p047_seed2507105,data\instances_orlib\thpack7_p047_seed2507105.json,587.0,220.0,233.0,150
thpack7_p048_seed2507205,data\instances_orlib\thpack7_p048_seed2507205.json,587.0,220.0,233.0,113
thpack7_p049_seed2507305,data\instances_orlib\thpack7_p049_seed2507305.json,587.0,220.0,233.0,131
thpack7_p050_seed2507405,data\instances_orlib\thpack7_p050_seed2507405.json,587.0,220.0,233.0,149
thpack7_p051_seed2507505,data\instances_orlib\thpack7_p051_seed2507505.json,587.0,220.0,233.0,166
thpack7_p052_seed2507605,data\instances_orlib\thpack7_p052_seed2507605.json,587.0,220.0,233.0,138
thpack7_p053_seed2507705,data\instances_orlib\thpack7_p053_seed2507705.json,587.0,220.0,233.0,122
thpack7_p054_seed2507805,data\instances_orlib\thpack7_p054_seed2507805.json,587.0,220.0,233.0,143
thpack7_p055_seed2507905,data\instances_orlib\thpack7_p055_seed2507905.json,587.0,220.0,233.0,142
thpack7_p056_seed2508005,data\instances_orlib\thpack7_p056_seed2508005.json,587.0,220.0,233.0,162
thpack7_p057_seed2508105,data\instances_orlib\thpack7_p057_seed2508105.json,587.0,220.0,233.0,127
thpack7_p058_seed2508205,data\instances_orlib\thpack7_p058_seed2508205.json,587.0,220.0,233.0,116
thpack7_p059_seed2508305,data\instances_orlib\thpack7_p059_seed2508305.json,587.0,220.0,233.0,129
thpack7_p060_seed2508405,data\instances_orlib\thpack7_p060_seed2508405.json,587.0,220.0,233.0,126
thpack7_p061_seed2508505,data\instances_orlib\thpack7_p061_seed2508505.json,587.0,220.0,233.0,100
thpack7_p062_seed2508605,data\instances_orlib\thpack7_p062_seed2508605.json,587.0,220.0,233.0,126
thpack7_p063_seed2508705,data\instances_orlib\thpack7_p063_seed2508705.json,587.0,220.0,233.0,107
thpack7_p064_seed2508805,data\instances_orlib\thpack7_p064_seed2508805.json,587.0,220.0,233.0,108
thpack7_p065_seed2508905,data\instances_orlib\thpack7_p065_seed2508905.json,587.0,220.0,233.0,168
thpack7_p066_seed2509005,data\instances_orlib\thpack7_p066_seed2509005.json,587.0,220.0,233.0,117
thpack7_p067_seed2509105,data\instances_orlib\thpack7_p067_seed2509105.json,587.0,220.0,233.0,162
thpack7_p068_seed2509205,data\instances_orlib\thpack7_p068_seed2509205.json,587.0,220.0,233.0,105
thpack7_p069_seed2509305,data\instances_orlib\thpack7_p069_seed2509305.json,587.0,220.0,233.0,155
thpack7_p070_seed2509405,data\instances_orlib\thpack7_p070_seed2509405.json,587.0,220.0,233.0,111
thpack7_p071_seed2509505,data\instances_orlib\thpack7_p071_seed2509505.json,587.0,220.0,233.0,127
thpack7_p072_seed2509605,data\instances_orlib\thpack7_p072_seed2509605.json,587.0,220.0,233.0,127
thpack7_p073_seed2509705,data\instances_orlib\thpack7_p073_seed2509705.json,587.0,220.0,233.0,121
thpack7_p074_seed2509805,data\instances_orlib\thpack7_p074_seed2509805.json,587.0,220.0,233.0,108
thpack7_p075_seed2509905,data\instances_orlib\thpack7_p075_seed2509905.json,587.0,220.0,233.0,129
thpack7_p076_seed2510005,data\instances_orlib\thpack7_p076_seed2510005.json,587.0,220.0,233.0,105
thpack7_p077_seed2510105,data\instances_orlib\thpack7_p077_seed2510105.json,587.0,220.0,233.0,158
thpack7_p078_seed2510205,data\instances_orlib\thpack7_p078_seed2510205.json,587.0,220.0,233.0,142
thpack7_p079_seed2510305,data\instances_orlib\thpack7_p079_seed2510305.json,587.0,220.0,233.0,166
thpack7_p080_seed2510405,data\instances_orlib\thpack7_p080_seed2510405.json,587.0,220.0,233.0,128
thpack7_p081_seed2510505,data\instances_orlib\thpack7_p081_seed2510505.json,587.0,220.0,233.0,110
thpack7_p082_seed2510605,data\instances_orlib\thpack7_p082_seed2510605.json,587.0,220.0,233.0,131
thpack7_p083_seed2510705,data\instances_orlib\thpack7_p083_seed2510705.json,587.0,220.0,233.0,139
thpack7_p084_seed2510805,data\instances_orlib\thpack7_p084_seed2510805.json,587.0,220.0,233.0,154
thpack7_p085_seed2510905,data\instances_orlib\thpack7_p085_seed2510905.json,587.0,220.0,233.0,108
thpack7_p086_seed2511005,data\instances_orlib\thpack7_p086_seed2511005.json,587.0,220.0,233.0,134
thpack7_p087_seed2511105,data\instances_orlib\thpack7_p087_seed2511105.json,587.0,220.0,233.0,117
thpack7_p088_seed2511205,data\instances_orlib\thpack7_p088_seed2511205.json,587.0,220.0,233.0,142
thpack7_p089_seed2511305,data\instances_orlib\thpack7_p089_seed2511305.json,587.0,220.0,233.0,105
thpack7_p090_seed2511405,data\instances_orlib\thpack7_p090_seed2511405.json,587.0,220.0,233.0,97
thpack7_p091_seed2511505,data\instances_orlib\thpack7_p091_seed2511505.json,587.0,220.0,233.0,106
thpack7_p092_seed2511605,data\instances_orlib\thpack7_p092_seed2511605.json,587.0,220.0,233.0,118
thpack7_p093_seed2511705,data\instances_orlib\thpack7_p093_seed2511705.json,587.0,220.0,233.0,90
thpack7_p094_seed2511805,data\instances_orlib\thpack7_p094_seed2511805.json,587.0,220.0,233.0,134
thpack7_p095_seed2511905,data\instances_orlib\thpack7_p095_seed2511905.json,587.0,220.0,233.0,146
thpack7_p096_seed2512005,data\instances_orlib\thpack7_p096_seed2512005.json,587.0,220.0,233.0,151
thpack7_p097_seed2512105,data\instances_orlib\thpack7_p097_seed2512105.json,587.0,220.0,233.0,124
thpack7_p098_seed2512205,data\instances_orlib\thpack7_p098_seed2512205.json,587.0,220.0,233.0,144
thpack7_p099_seed2512305,data\instances_orlib\thpack7_p099_seed2512305.json,587.0,220.0,233.0,145
thpack7_p100_seed2512405,data\instances_orlib\thpack7_p100_seed2512405.json,587.0,220.0,233.0,122
